{"cameraMode":{"drawMode":0,"name":"Shaded","section":"Shading Mode"},"sceneLighting":true,"audioPlay":false,"sceneViewState":{"m_AlwaysRefresh":false,"showFog":true,"showSkybox":true,"showFlares":true,"showImageEffects":true,"showParticleSystems":true,"showVisualEffectGraphs":true,"m_FxEnabled":true},"in2DMode":false,"pivot":{"x":-0.451055645942688,"y":-4.003551483154297,"z":-1.0260441303253174},"rotation":{"x":0.3960852026939392,"y":0.059160780161619189,"z":-0.025582972913980485,"w":0.9159488677978516},"size":15.760098457336426,"orthographic":false}