{"cameraMode":{"drawMode":0,"name":"Shaded","section":"Shading Mode"},"sceneLighting":true,"audioPlay":false,"sceneViewState":{"m_AlwaysRefresh":false,"showFog":true,"showSkybox":true,"showFlares":true,"showImageEffects":true,"showParticleSystems":true,"showVisualEffectGraphs":true,"m_FxEnabled":true},"in2DMode":false,"pivot":{"x":12.923287391662598,"y":1.4363510608673096,"z":-9.983283042907715},"rotation":{"x":0.2782553434371948,"y":0.38067764043807986,"z":-0.12126921117305756,"w":0.8734726309776306},"size":11.807802200317383,"orthographic":true}